,Brand Name,Generic Name,"Claim Count, 2011","Total Spending, 2011","Beneficiary Count, 2011","Total Annual Spending Per User, 2011","Unit Count, 2011","Average Cost Per Unit (Weighted), 2011","Beneficiary Count No LIS, 2011","Average Beneficiary Cost Share No LIS, 2011","Beneficiary Count LIS, 2011","Average Beneficiary Cost Share LIS, 2011","Claim Count, 2012","Total Spending, 2012","Beneficiary Count, 2012","Total Annual Spending Per User, 2012","Unit Count, 2012","Average Cost Per Unit (Weighted), 2012","Beneficiary Count No LIS, 2012","Average Beneficiary Cost Share No LIS, 2012","Beneficiary Count LIS, 2012","Average Beneficiary Cost Share LIS, 2012","Claim Count, 2013","Total Spending, 2013","Beneficiary Count, 2013","Total Annual Spending Per User, 2013","Unit Count, 2013","Average Cost Per Unit (Weighted), 2013","Beneficiary Count No LIS, 2013","Average Beneficiary Cost Share No LIS, 2013","Beneficiary Count LIS, 2013","Average Beneficiary Cost Share LIS, 2013","Claim Count, 2014","Total Spending, 2014","Beneficiary Count, 2014","Total Annual Spending Per User, 2014","Unit Count, 2014","Average Cost Per Unit (Weighted), 2014","Beneficiary Count No LIS, 2014","Average Beneficiary Cost Share No LIS, 2014","Beneficiary Count LIS, 2014","Average Beneficiary Cost Share LIS, 2014","Claim Count, 2015","Total Spending, 2015","Beneficiary Count, 2015","Total Annual Spending Per User, 2015","Unit Count, 2015","Average Cost Per Unit (Weighted), 2015","Beneficiary Count No LIS, 2015","Average Beneficiary Cost Share No LIS, 2015","Beneficiary Count LIS, 2015","Average Beneficiary Cost Share LIS, 2015","Annual Change in Average Cost Per Unit, 2015",NONPROPRIETARYNAME,PHARM_CLASSES
20,DELZICOL ,MESALAMINE,,,,,,,,,,,,,,,,,,,,,80102.0,35740582.19,22041.0,1621.5499383,17057410.0,2.0953111985,15972.0,304.31241297,6069.0,14.731665843,102548.0,50443112.25,21353.0,2362.3431017,21794342.6,2.3145048775,15602.0,420.65045956,5751.0,23.007563901999998,96581.0,54309177.23,19392.0,2800.5970106,20088497.0,2.7034962959,14246.0,502.89765408,5146.0,26.306381656,0.1680667957,MESALAMINE,"Aminosalicylate [EPC],Aminosalicylic Acids [Chemical/Ingredient]"
79,DESOXYN ,METHAMPHETAMINE HYDROCHLORIDE,1161.0,927072.17,234.0,3961.8468803000005,224620.0,4.127291292,89.0,681.9811236,145.0,34.206275862,956.0,748333.38,158.0,4736.287215199999,181038.0,4.1335707421,58.0,806.59913793,100.0,44.148,701.0,636281.54,115.0,5532.8829565,135944.0,4.6804679868,47.0,728.73914894,68.0,56.793235294,528.0,499263.07,89.0,5609.6974156999995,92326.0,5.4076107489,38.0,753.52552632,51.0,47.023921568999995,430.0,577354.87,74.0,7802.092837800001,82375.0,7.0088603337999995,26.0,929.695,48.0,53.613958333,,METHAMPHETAMINE HYDROCHLORIDE,"Amphetamine Anorectic [EPC],Amphetamines [Chemical/Ingredient],Appetite Suppression [PE],Central Nervous System Stimulant [EPC],Central Nervous System Stimulation [PE],Increased Sympathetic Activity [PE]"
49,DEPO-TESTOSTERONE ,TESTOSTERONE CYPIONATE,16010.0,1033454.7,6828.0,151.35540422,69448.19,15.916826699000001,4155.0,77.216132371,2673.0,5.3270632248,43443.0,2778562.45,18351.0,151.41204567,188464.74300000002,16.027779362,11242.0,75.193385519,7109.0,4.870866507200001,64545.0,3764026.09,25885.0,145.41340892,240640.9,17.589893479,16262.0,80.279940352,9623.0,4.8939000312,50049.0,2988701.34,20360.0,146.79279666,197551.521,16.467601210999998,12260.0,81.546717781,8100.0,5.355506172799999,36273.0,2199822.07,13150.0,167.28684943,153347.05,15.283281158,8395.0,80.688004765,4755.0,5.4407528917,-0.074389321,TESTOSTERONE CYPIONATE,"Androgen [EPC],Androgen Receptor Agonists [MoA],Androstanes [Chemical/Ingredient]"
15,DELATESTRYL ,TESTOSTERONE ENANTHATE,907.0,84223.96,491.0,171.53556008,4904.2,17.173842829,279.0,80.01297491,212.0,7.8371226415,59.0,5152.88,44.0,117.11090909,305.0,16.894688525,31.0,70.959354839,13.0,7.3815384615,30.0,2472.11,29.0,85.245172414,150.0,16.480733333,,,,,,,,,,,,,,,,,,,,,,,,,,TESTOSTERONE ENANTHATE,"Androgen [EPC],Androgen Receptor Agonists [MoA],Androstanes [Chemical/Ingredient]"
36,DEPAKOTE ,DIVALPROEX SODIUM,54602.0,17964097.95,7509.0,2392.3422493000003,6384695.35,2.8405968206,1518.0,402.72830039999997,5991.0,23.951185110999997,47884.0,17649376.48,6225.0,2835.2412016,5758583.012,3.104231706,1292.0,490.28914861,4933.0,19.831891344000002,43639.0,17565676.81,5461.0,3216.5678099,5252540.0,3.390672116,1254.0,505.38740829,4207.0,18.516952698,41048.0,18571231.66,5596.0,3318.6618406,5000079.0,3.7793575483999997,1376.0,458.29506541,4220.0,17.636130332,38028.0,18762439.17,4765.0,3937.5528164000007,4628419.0,4.1255106209,1066.0,569.34499062,3699.0,16.993168424,0.09312868390000001,DIVALPROEX SODIUM,"Anti-epileptic Agent [EPC],Decreased Central Nervous System Disorganized Electrical Activity [PE],Mood Stabilizer [EPC]"
37,DEPAKOTE ER ,DIVALPROEX SODIUM,76176.0,21053359.86,11249.0,1871.5761277,7192244.1110000005,2.8931257329,2065.0,393.9594092,9184.0,21.764837761,65643.0,20210862.78,8635.0,2340.5747284000004,6326143.4,3.1614042408999996,1680.0,462.0023869,6955.0,20.231023724,59916.0,20240019.76,7672.0,2638.1673306,5819175.0,3.4496085047000005,1614.0,480.81902726,6058.0,19.881034995,56807.0,21823478.51,7265.0,3003.9199601,5644453.0,3.8437553999,1599.0,489.38634772,5666.0,19.297820332,51593.0,21636122.41,6397.0,3382.2295467,5164813.0,4.1634796925,1401.0,539.48331192,4996.0,18.464017214000002,0.0875540353,DIVALPROEX SODIUM,"Anti-epileptic Agent [EPC],Decreased Central Nervous System Disorganized Electrical Activity [PE],Mood Stabilizer [EPC]"
38,DEPAKOTE SPRINKLE ,DIVALPROEX SODIUM,9510.0,2576841.3,1549.0,1663.5515170999997,2632634.1,0.9788072334000001,278.0,213.00381295,1271.0,14.796506688,8681.0,2655491.83,1294.0,2052.1575193,2505361.3,1.0599237044,190.0,274.69857895,1104.0,8.0017481884,8613.0,2850617.12,1188.0,2399.5093603,2449977.0,1.1635281148,187.0,250.78454545,1001.0,8.1126373626,8811.0,3271352.01,1191.0,2746.7271285,2501216.89,1.3079041738,175.0,272.68011429,1016.0,7.003336614199999,8810.0,3540618.08,1196.0,2960.38301,2479461.0,1.4279789357,161.0,301.68136646,1035.0,8.1675555556,0.09180700259999999,DIVALPROEX SODIUM,"Anti-epileptic Agent [EPC],Decreased Central Nervous System Disorganized Electrical Activity [PE],Mood Stabilizer [EPC]"
34,DEPAKENE ,VALPROIC ACID,948.0,549060.93,123.0,4463.91,191644.0,2.8650045397,21.0,433.35380952,102.0,25.176764706,789.0,549616.4,106.0,5185.060377399999,178181.0,3.0845960007,19.0,628.90684211,87.0,40.93908046,791.0,555198.11,100.0,5551.9811,162399.0,3.4187286252,19.0,824.22052632,81.0,17.284320988,715.0,544162.05,95.0,5728.021578899999,144772.0,3.7587520377,22.0,846.11181818,73.0,17.404931507,692.0,535562.86,92.0,5821.3354348,127713.0,4.1934874288,22.0,1030.3072726999999,70.0,18.089000000000002,,VALPROIC ACID,"Anti-epileptic Agent [EPC],Decreased Central Nervous System Disorganized Electrical Activity [PE],Mood Stabilizer [EPC]"
100,ALBENZA ,ALBENDAZOLE,2072.0,175349.48,1418.0,123.65971791,67644.0,2.5922399622,776.0,38.980257732,642.0,5.8627102804,4383.0,1600734.26,3427.0,467.094911,89333.0,17.91873395,1554.0,73.75269626800001,1873.0,4.9714949279,7193.0,4333797.32,5619.0,771.27555081,94535.0,45.843310097,2555.0,87.151264188,3064.0,5.584748694500001,7524.0,9566410.5,5760.0,1660.8351562,91127.0,104.97888112,2633.0,101.22753133,3127.0,4.0632555165,7217.0,10139273.51,5548.0,1827.5547061999998,81390.0,124.57640386,2409.0,128.3975467,3139.0,5.3049028353,0.1866806212,ALBENDAZOLE,"Antihelminthic [EPC],Cytochrome P450 1A Inducers [MoA]"
39,DEPEN ,PENICILLAMINE,765.0,288797.77,148.0,1951.3362838,59150.0,4.8824644125,92.0,434.11836957,56.0,35.232142857,750.0,341205.86,142.0,2402.858169,60477.0,5.6419111398,97.0,512.23536082,45.0,40.868444444,741.0,410877.27,157.0,2617.0526751999996,65343.0,6.2880074377,112.0,508.80892857,45.0,48.560444444,672.0,1702161.26,147.0,11579.328298999999,62222.0,27.356260808000002,106.0,729.55207547,41.0,88.43097561,575.0,3034060.31,123.0,24667.156992,57455.0,52.807593943,78.0,1122.2516667000002,45.0,48.929111111000005,,PENICILLAMINE,Antirheumatic Agent [EPC]
2,ABILIFY DISCMELT ,ARIPIPRAZOLE,4677.0,3929705.8,961.0,4089.183975,189351.5,20.753897074,83.0,439.87638554,878.0,22.165580866,4705.0,4529795.27,915.0,4950.5959235,192615.5,23.522216140999998,89.0,440.75595506,826.0,12.490230024,5033.0,5221987.76,967.0,5400.1941675,193300.0,27.019005700999998,74.0,493.97729730000003,893.0,12.986976484000001,5186.0,6282391.38,951.0,6606.0897792,198161.0,31.703589503000003,85.0,546.04317647,866.0,10.375242494,2790.0,3735192.84,742.0,5033.952614600001,102764.0,36.344483646,53.0,663.64735849,689.0,18.064644412,,ARIPIPRAZOLE,Atypical Antipsychotic [EPC]
26,DEMSER ,METYROSINE,219.0,516264.4,43.0,12006.148837,17438.0,29.605711664,12.0,197.58166667,31.0,6.1493548387,149.0,454822.69,36.0,12633.963611,12020.0,37.838826123000004,,,,,117.0,282500.48,32.0,8828.14,5802.0,48.69018959,15.0,285.87533333,17.0,3.3588235294,74.0,684511.52,22.0,31114.16,5522.0,123.96079681,,,,,103.0,2383362.8,24.0,99306.783333,8043.0,296.32758921,,,,,,METYROSINE,"Catecholamine Synthesis Inhibitor [EPC],Catecholamine Synthesis Inhibitors [MoA]"
95,DEXMETHYLPHENIDATE HCL ,DEXMETHYLPHENIDATE HYDROCHLORIDE,6840.0,499158.77,1698.0,293.96865135,488554.0,1.0116000266,695.0,54.736316547,1003.0,6.2548654038,9976.0,748613.89,2184.0,342.77192766,730868.0,1.013828633,887.0,93.661476888,1297.0,7.5725905937,10848.0,775896.47,2262.0,343.01347038,806162.0,0.9542679548999999,1078.0,102.15280148,1184.0,7.177347973,9084.0,618976.47,2049.0,302.08710102,650302.0,0.9408093518999999,1049.0,93.49223069600001,1000.0,7.31128,10570.0,687763.89,2169.0,317.0880083,749957.5,0.9036229034000001,1117.0,122.78677708,1052.0,8.051730037999999,-0.038800842,DEXMETHYLPHENIDATE HYDROCHLORIDE,"Central Nervous System Stimulant [EPC],Central Nervous System Stimulation [PE]"
96,DEXMETHYLPHENIDATE HCL ER ,DEXMETHYLPHENIDATE HYDROCHLORIDE,,,,,,,,,,,,,,,,,,,,,68.0,15571.95,64.0,243.31171875,2656.0,5.8318812587,17.0,73.645294118,47.0,0.8265957447,2995.0,648943.2,703.0,923.10554765,113065.0,5.734906914400001,207.0,248.33468599,496.0,9.8206048387,8093.0,1916006.32,1786.0,1072.7918925000001,319153.0,5.9669871073000005,662.0,283.39540785,1124.0,7.8918950178,,DEXMETHYLPHENIDATE HYDROCHLORIDE,"Central Nervous System Stimulant [EPC],Central Nervous System Stimulation [PE]"
99,DEXTROAMPHETAMINE SULFATE ,DEXTROAMPHETAMINE SULFATE,58478.0,2171819.13,11007.0,197.31254019999997,7236772.0,0.30254013350000003,5746.0,60.65479289899999,5261.0,9.5456339099,40652.0,2791404.13,9037.0,308.88614916,4383907.0,0.6400805371,4905.0,98.146256881,4132.0,9.0607841239,45811.0,9277492.08,8392.0,1105.5162154000002,5003551.5,1.8540181907,4863.0,231.79456508,3529.0,17.301130632,48904.0,9187970.8,8666.0,1060.2320332,5330446.5,1.7236609622999999,5023.0,227.94947044,3643.0,15.996892671,50422.0,8049470.73,8796.0,915.12855048,5449618.5,1.4769721591,5246.0,230.76718643,3550.0,15.595030986,-0.143216607,DEXTROAMPHETAMINE SULFATE,"Central Nervous System Stimulant [EPC],Central Nervous System Stimulation [PE]"
92,DEXEDRINE ,DEXTROAMPHETAMINE SULFATE,2695.0,1539409.81,541.0,2845.4894824000003,280813.0,5.4793853543,241.0,516.31589212,300.0,21.2327,2576.0,2056917.05,445.0,4622.2855056,257570.0,7.9822100409,207.0,683.9210628,238.0,28.080378150999998,2573.0,2631576.86,426.0,6177.4104695,266402.0,9.8769993116,195.0,795.03887179,231.0,26.487316016999998,2637.0,3136042.68,412.0,7611.7540776999995,278122.0,11.274704517,188.0,903.02728723,224.0,29.187366071,2459.0,3676314.86,369.0,9962.9128997,265052.0,13.918499897,175.0,941.38137143,194.0,29.146546391999998,,DEXTROAMPHETAMINE SULFATE,"Central Nervous System Stimulant [EPC],Central Nervous System Stimulation [PE]"
101,DEXTROAMPHETAMINE SULFATE ER ,DEXTROAMPHETAMINE SULFATE,58274.0,13419784.53,10335.0,1298.4793933,4953640.0,2.7063141654000002,4682.0,248.84620248,5653.0,15.572510172000001,64739.0,21382933.49,10836.0,1973.3235040999998,5594997.0,3.8272451356,5189.0,291.74421661,5647.0,16.8339915,58605.0,18900164.41,9410.0,2008.5190659000002,5007246.0,3.7748650055,4751.0,313.42801095,4659.0,18.910880017,55518.0,16320254.14,8768.0,1861.3428536,4739758.0,3.4416007104000004,4622.0,321.21120078,4146.0,19.751138447,53516.0,14811154.87,8109.0,1826.5081847,4492255.66,3.2924438254000004,4368.0,354.69827381,3741.0,20.737559475999998,-0.043759819000000005,DEXTROAMPHETAMINE SULFATE,"Central Nervous System Stimulant [EPC],Central Nervous System Stimulation [PE]"
84,DETROL LA ,TOLTERODINE TARTRATE,1515858.0,276457180.94,309940.0,891.96999723,57335710.278000005,4.8219397109,145537.0,239.78482503,164403.0,20.827635384,1267858.0,277994009.57,241264.0,1152.2399097,49838888.2,5.5782143548,121997.0,267.90522193,119267.0,19.806425248,1241507.0,311385810.36,232782.0,1337.6713420999997,47819845.158999994,6.5128155219,129690.0,258.47038137,103092.0,19.751517674000002,165437.0,45317187.54,66751.0,678.89900586,5956761.0,7.6072615135,32141.0,152.29872748,34610.0,6.3475489742999995,24896.0,9321751.83,7321.0,1273.2894181,1054001.0,8.8423087139,4129.0,295.61891015,3192.0,11.875491855,0.1611976942,TOLTERODINE TARTRATE,"Cholinergic Muscarinic Antagonist [EPC],Cholinergic Muscarinic Antagonists [MoA]"
83,DETROL ,TOLTERODINE TARTRATE,151477.0,26271986.18,39244.0,669.45230303,9174670.564,2.8637090678,18696.0,191.58480369999998,20548.0,15.202041561,94962.0,18908980.84,26711.0,707.90988132,5740291.065,3.2941905341,13651.0,168.60292067,13060.0,12.446260337,9729.0,1995187.89,3621.0,551.00466446,536749.0,3.7171332544999998,1825.0,168.59660274,1796.0,7.0970434298,2146.0,590220.52,811.0,727.76882861,133177.0,4.4313026784,417.0,196.42381295,394.0,6.7089847716,1074.0,398761.7,315.0,1265.9101587,75682.0,5.2656932667000005,169.0,314.24668639,146.0,7.118082191799999,,TOLTERODINE TARTRATE,"Cholinergic Muscarinic Antagonist [EPC],Cholinergic Muscarinic Antagonists [MoA]"
85,DEXAMETHASONE ,DEXAMETHASONE,518853.0,7297853.4,265716.0,27.464862485,37960561.765,0.2726061433,186749.0,9.8523818066,78967.0,2.4641901047,549844.0,7304659.81,280159.0,26.07326486,32976254.083,0.27986034120000003,198142.0,9.8928853549,82017.0,2.3510640477,629231.0,8166694.24,321182.0,25.426998524000002,37658259.799,0.2774520478,235616.0,9.3197609246,85566.0,2.3484027534,686159.0,8594855.2,347275.0,24.749421064,40646934.807,0.2749393189,257789.0,8.0843639178,89486.0,1.3605149409000001,736726.0,9431640.71,373983.0,25.219437006,43745222.74600001,0.2945366448,278609.0,8.6074205787,95374.0,1.3756573069999998,0.052722885,DEXAMETHASONE,"Corticosteroid [EPC],Corticosteroid Hormone Receptor Agonists [MoA]"
86,DEXAMETHASONE INTENSOL ,DEXAMETHASONE,933.0,55616.17,514.0,108.20266537,106616.0,0.5216493772,322.0,22.624596273,192.0,1.88890625,947.0,64334.96,520.0,123.72107692,125437.0,0.5128866283,310.0,32.537,210.0,1.5878571429,1034.0,78858.89,619.0,127.39723748,135270.0,0.582973978,385.0,27.961350649,234.0,1.5712393162,1286.0,108687.84,737.0,147.47332429,161818.63,0.6716645667,466.0,33.02611588,271.0,2.717195572,1350.0,120443.1,816.0,147.60183824,168319.0,0.7155644936,501.0,34.421397206,315.0,2.2214285713999997,,DEXAMETHASONE,"Corticosteroid [EPC],Corticosteroid Hormone Receptor Agonists [MoA]"
88,ALA-SCALP ,HYDROCORTISONE,91.0,2718.2,62.0,43.841935484,2992.8,0.9082464581999999,44.0,22.608636364000002,18.0,4.6888888889,80.0,3120.57,59.0,52.891016949,3084.0,1.0118579767,45.0,29.446666667,14.0,5.9571428571,78.0,11345.13,58.0,195.60568966,2932.0,3.8694167804000004,40.0,43.44375,18.0,10.762222222,63.0,17091.75,49.0,348.81122449,2358.2,7.2477949283,26.0,57.416538462,23.0,3.3195652174,99.0,33399.61,86.0,388.36755814,3381.6,9.8768659806,49.0,66.978163265,37.0,1.177027027,,HYDROCORTISONE,"Corticosteroid [EPC],Corticosteroid Hormone Receptor Agonists [MoA]"
78,DESOXIMETASONE ,DESOXIMETASONE,251304.0,30539605.89,142321.0,214.58256961,15128168.758,2.0259471651,93745.0,38.621342685,48576.0,3.8679998352999996,240554.0,31167285.2,134663.0,231.4465384,14342670.44,2.1730506640000002,91997.0,39.677552638,42666.0,3.6067325270999997,251467.0,34446101.16,141481.0,243.46803571,15721855.902999999,2.1727940314,99644.0,40.03353368,41837.0,3.7551000311,226138.0,30577697.2,127494.0,239.8363625,13902576.740999999,2.1621109606,90506.0,42.097699048,36988.0,3.6899048339999996,199338.0,27372004.79,111713.0,245.02076562,11959614.26,2.2300792644,78502.0,44.437354717,33211.0,3.5299912680000003,0.0365122089,DESOXIMETASONE,"Corticosteroid [EPC],Corticosteroid Hormone Receptor Agonists [MoA]"
74,DESOWEN ,DESONIDE,75.0,18327.99,58.0,315.99982759,6278.18,3.0133966488,31.0,67.56709677399999,27.0,2.4555555556,108.0,33818.67,79.0,428.08443038,9641.0,3.5345316262,53.0,58.439622641999996,26.0,2.3961538462,105.0,35831.87,73.0,490.84753425,9251.0,3.8897212913,47.0,73.119787234,26.0,3.2603846154,51.0,20077.59,29.0,692.33068966,4377.0,4.5924931975,,,,,690.0,84394.33,561.0,150.43552585,44256.0,1.8424134956,495.0,15.08969697,66.0,2.7171212121,,DESONIDE,"Corticosteroid [EPC],Corticosteroid Hormone Receptor Agonists [MoA]"
73,DESONIDE ,DESONIDE,405756.0,15763434.88,252243.0,62.493051859,26228580.008,0.5534054259000001,180228.0,11.722634995999998,72015.0,2.2747597028,461454.0,26587345.09,288493.0,92.159411459,30178977.348,0.7696357905,209262.0,13.541297799,79231.0,2.1077181911,506530.0,66327482.73,322899.0,205.41247489,29426160.884,2.2015687533,241032.0,20.294650752,81867.0,2.5533046282,465638.0,87207894.86,291456.0,299.2146151,26286311.0,3.3940369694999997,213821.0,28.24095912,77635.0,2.8852037097000003,371309.0,61601416.99,229215.0,268.74950152,20280005.319000002,3.1181614974,164584.0,46.143360472,64631.0,3.4212311429000004,-0.076252123,DESONIDE,"Corticosteroid [EPC],Corticosteroid Hormone Receptor Agonists [MoA]"
72,DESONATE ,DESONIDE,2798.0,915619.46,2084.0,439.35674664,186613.8,4.9064938391,1580.0,94.059677215,504.0,7.4028769841,2349.0,931998.24,1852.0,503.23879050000005,153285.0,6.0801659654,1471.0,95.04602991200001,381.0,6.757191601000001,1981.0,818396.33,1443.0,567.14922384,129676.075,6.3110819016,1145.0,92.337624454,298.0,8.8497651007,2154.0,935579.17,1632.0,573.27155025,140184.0,6.6739368972,1289.0,87.076493406,343.0,7.0908163265,1794.0,778759.21,1387.0,561.47023071,115803.0,6.7248621366,1103.0,90.09552130600001,284.0,5.5611619718,0.007630464599999999,DESONIDE,"Corticosteroid [EPC],Corticosteroid Hormone Receptor Agonists [MoA]"
97,DEXPAK ,DEXAMETHASONE,5659.0,159343.48,5247.0,30.368492472,170606.0,0.9860569148,2894.0,25.769357291,2353.0,2.2303187419999997,7798.0,271171.15,6978.0,38.860869877,241038.0,1.1898821176,4064.0,32.538489173,2914.0,2.6604186684999998,5235.0,260781.41,4708.0,55.391123619,166024.0,1.6073205718999999,3376.0,41.847058649000004,1332.0,3.0738213213,4189.0,394063.77,3810.0,103.42881102,133409.0,2.9456920947000005,2763.0,50.302725298999995,1047.0,4.6186341929,2013.0,441507.93,1840.0,239.94996196,65066.0,6.775368524099999,1372.0,66.256086006,468.0,6.2799358974,1.2998597479,DEXAMETHASONE,"Corticosteroid [EPC],Corticosteroid Hormone Receptor Agonists [MoA]"
61,DERMOTIC ,FLUOCINOLONE ACETONIDE OIL,44611.0,1418740.92,33880.0,41.875469894,908401.93,1.5617986633,23585.0,30.583461521999997,10295.0,5.4545245265,14682.0,460261.51,11224.0,41.006905738,297030.0,1.5495455341,7794.0,29.200623556999997,3430.0,4.0767521866,4425.0,140766.34,3584.0,39.276322545,90268.0,1.5594268179,2645.0,28.593534971999997,939.0,4.2745686901,107.0,3623.76,92.0,39.388695651999996,2220.0,1.6323243243,39.0,21.342820513,53.0,1.9216981132,30.0,5746.09,30.0,191.53633333,600.0,9.5768166667,,,,,,FLUOCINOLONE ACETONIDE OIL,"Corticosteroid [EPC],Corticosteroid Hormone Receptor Agonists [MoA]"
53,ALA-CORT ,HYDROCORTISONE,11.0,102.84,11.0,9.3490909091,498.2,0.2189351754,,,,,12.0,52.87,,,428.2,0.123470341,,,,,,,,,,,,,,,17.0,659.18,16.0,41.19875,597.0,1.1041541039,,,,,25.0,867.21,23.0,37.704782609,3846.8,0.2254367266,,,,,,HYDROCORTISONE,"Corticosteroid [EPC],Corticosteroid Hormone Receptor Agonists [MoA]"
55,DERMA-SMOOTHE-FS ,FLUOCINOLONE ACETONIDE,16935.0,711842.33,9334.0,76.263373688,2267111.917,0.31398640920000004,5935.0,45.487733783,3399.0,6.7281994704,6054.0,266619.62,3432.0,77.686369464,826926.55,0.3224223723,2243.0,43.453869817,1189.0,4.6925820017,1674.0,69191.68,1069.0,64.725612722,229855.64800000002,0.30102231809999996,713.0,43.009845722,356.0,4.3129494381999995,58.0,3577.58,42.0,85.18047619,10150.76,0.352444546,24.0,27.55,18.0,4.7672222222,32.0,9336.57,22.0,424.38954545,7054.68,1.3234576195999999,,,,,,FLUOCINOLONE ACETONIDE,"Corticosteroid [EPC],Corticosteroid Hormone Receptor Agonists [MoA]"
46,DEPO-MEDROL ,METHYLPREDNISOLONE ACETATE,5168.0,109176.94,4098.0,26.641517814,10473.5,11.103515772,1632.0,15.490759804000001,2466.0,1.2699148418000001,8321.0,179457.48,6225.0,28.828510843000004,20132.0,9.8018618141,2586.0,15.304404486,3639.0,1.4633278372999998,8069.0,155596.23,6057.0,25.688662704000002,20476.5,8.816328840599999,2546.0,13.646802828,3511.0,1.3932868129,7719.0,150674.3,6010.0,25.070599001999998,23564.563,8.112737421,2869.0,12.451686999000001,3141.0,1.1844826488,7343.0,144174.59,5665.0,25.450060018000002,22213.5,8.7722031503,2805.0,13.036666667,2860.0,0.9927272726999999,-0.03994918,METHYLPREDNISOLONE ACETATE,"Corticosteroid [EPC],Corticosteroid Hormone Receptor Agonists [MoA]"
60,DERMATOP ,PREDNICARBATE,241.0,14921.0,151.0,98.81456953600001,14730.0,1.012770896,84.0,51.370714286,67.0,4.4202985075,186.0,14971.37,114.0,131.32780702,12294.0,1.2209588367,58.0,49.31051724100001,56.0,3.6964285714,103.0,9816.61,58.0,169.25189655,6705.0,1.4645910788999998,33.0,66.733030303,25.0,2.048,78.0,8994.56,41.0,219.3795122,5010.0,1.7948583797,27.0,59.324814815,14.0,3.5392857143,46.0,6388.03,30.0,212.93433333,2880.0,2.2165671554,,,,,,PREDNICARBATE,"Corticosteroid [EPC],Corticosteroid Hormone Receptor Agonists [MoA]"
27,DENAVIR ,PENCICLOVIR,30113.0,3976177.36,20547.0,193.51619993,81649.08,48.698373086000004,12220.0,61.330996727,8327.0,6.4996997718,29120.0,5921044.49,20536.0,288.32511151,153522.75,38.567863655,12466.0,68.597370448,8070.0,5.6391288724,27985.0,10258093.98,19532.0,525.19424432,157741.5,65.031041165,11732.0,78.720020457,7800.0,5.8051782051,25655.0,14605965.3,17436.0,837.69014109,146915.75,99.417287119,10408.0,84.453333974,7028.0,5.8152105862,21101.0,16141661.06,13382.0,1206.2218697,118731.5,135.95095708,7470.0,98.223839357,5912.0,5.956217862000001,0.36747804149999996,PENCICLOVIR,"DNA Polymerase Inhibitors [MoA],Herpesvirus Nucleoside Analog DNA Polymerase Inhibitor [EPC],Nucleoside Analog [Chemical/Ingredient]"
17,DELESTROGEN ,ESTRADIOL VALERATE,2848.0,404787.39,1389.0,291.42360691,16123.0,24.814569809,730.0,118.11328767,659.0,8.2284522003,2363.0,455035.27,1051.0,432.95458611,13044.25,34.624349778,525.0,150.60733333,526.0,8.7678897338,1385.0,276347.71,626.0,441.45001597,8416.0,32.309855506,331.0,154.07148036,295.0,8.2805762712,1377.0,289177.6,660.0,438.14787879,7624.5,37.795360978000005,332.0,150.77746988,328.0,8.1311280488,1367.0,308058.71,697.0,441.97806313,7664.0,40.67647173,312.0,166.13817308,385.0,6.5523116883000005,,ESTRADIOL VALERATE,"Estradiol Congeners [Chemical/Ingredient],Estrogen [EPC],Estrogen Receptor Agonists [MoA]"
44,DEPO-ESTRADIOL ,ESTRADIOL CYPIONATE,8980.0,327123.38,4083.0,80.11838844,48082.7,6.8033488136,2429.0,47.373886373000005,1654.0,5.843149939500001,9455.0,366114.33,4145.0,88.326738239,51783.4,7.070109919400001,2534.0,53.01367797899999,1611.0,4.6137430168,8585.0,391812.63,3897.0,100.54211701,48508.9,8.077128733099999,2404.0,66.67202579,1493.0,4.9458606832,8740.0,500009.65,4014.0,124.56643000000001,49212.7,10.160175117,2494.0,78.107914996,1520.0,5.052638157900001,9337.0,676354.84,4105.0,164.76366382,53042.9,12.751090909,2578.0,90.073083786,1527.0,6.0333071382000005,0.2550070016,ESTRADIOL CYPIONATE,"Estradiol Congeners [Chemical/Ingredient],Estrogen [EPC],Estrogen Receptor Agonists [MoA]"
5,DDAVP ,DESMOPRESSIN ACETATE,891.0,569148.45,199.0,2860.0424623000004,76418.0,18.227626914000002,56.0,314.42321429,143.0,12.796573427,1042.0,847045.55,224.0,3781.4533482,84195.0,25.379098679000002,73.0,365.49342466,151.0,8.286688741699999,868.0,848871.45,182.0,4664.128846199999,78186.0,25.609859576999998,79.0,353.37037975,103.0,9.195631067999999,788.0,918910.83,169.0,5437.3421892999995,74612.5,32.906816281,82.0,365.6152439,87.0,6.2718390804999995,894.0,1215299.94,181.0,6714.3643094,71571.0,43.596371598000005,74.0,448.09554054,107.0,6.4642990654,,DESMOPRESSIN ACETATE,"Factor VIII Activator [EPC],Increased Coagulation Factor VIII Activity [PE],Increased Coagulation Factor VIII Concentration [PE],Vasopressin Analog [EPC],Vasopressins [Chemical/Ingredient]"
68,DESMOPRESSIN ACETATE ,DESMOPRESSIN ACETATE,155994.0,23008801.71,24177.0,951.68142077,8169010.583,6.3508865833,9547.0,170.0659736,14630.0,9.55682365,164610.0,24181216.5,25901.0,933.60165631,9050059.75,6.6816211191,10733.0,168.02563030000002,15168.0,7.5460297996,181317.0,24256259.73,29167.0,831.63368636,10165971.98,6.207164800499999,13156.0,160.02159395,16011.0,7.885469989400001,185723.0,21885237.88,30243.0,723.64639355,10856246.98,5.0052869732,14002.0,157.72364162,16241.0,7.3114210948,186078.0,20238072.73,30249.0,669.04931502,11359712.666,3.8123675854,14206.0,145.36602209999998,16043.0,7.2026210808,-0.053231829,DESMOPRESSIN ACETATE,"Factor VIII Activator [EPC],Increased Coagulation Factor VIII Activity [PE],Increased Coagulation Factor VIII Concentration [PE],Vasopressin Analog [EPC],Vasopressins [Chemical/Ingredient]"
24,DEMEROL ,MEPERIDINE HYDROCHLORIDE,2608.0,419487.75,431.0,973.28944316,221258.0,1.6971230532,227.0,199.55039648,204.0,29.648578431,1196.0,306941.47,271.0,1132.6253505999998,135981.5,2.1016056076,134.0,255.97029851,137.0,23.440437956,1135.0,332888.13,216.0,1541.14875,135201.0,2.3074604569,113.0,302.71371681,103.0,26.417087379,1225.0,406506.46,236.0,1722.485,134144.0,2.8989162029,133.0,318.54849624,103.0,21.656699029000002,1057.0,431391.2,184.0,2344.5173913000003,133366.0,3.1260135199000003,99.0,453.58080808,85.0,14.346705882,,MEPERIDINE HYDROCHLORIDE,"Full Opioid Agonists [MoA],Opioid Agonist [EPC]"
65,DESLORATADINE ,DESLORATADINE,,,,,,,,,,,36834.0,5082177.59,17003.0,298.89887608,1715999.0,2.9616436781,10692.0,33.902890946999996,6311.0,2.7055189351999998,126699.0,14805419.4,39563.0,374.2238809,6066682.0,2.4411163106,26676.0,44.432390163,12887.0,4.848883370799999,149309.0,12354117.56,45413.0,272.03923018,7153405.5,1.7284560702,30814.0,43.73505517,14599.0,4.5714685937,148391.0,8272645.24,44922.0,184.15576421,7321472.57,1.1298977465,31887.0,39.022289961,13035.0,4.5832811661,-0.35099036200000006,DESLORATADINE,"Histamine H1 Receptor Antagonists [MoA],Histamine-1 Receptor Antagonist [EPC]"
22,DEMADEX ,TORSEMIDE,3424.0,387793.36,809.0,479.34902349,216601.0,1.8745435056,527.0,203.57182163,282.0,22.151134751999997,2857.0,416727.34,643.0,648.098507,199889.0,2.1845724402,452.0,236.84190265,191.0,19.063874346,2663.0,475260.39,618.0,769.02975728,199562.0,2.4113755705,461.0,235.92143167,157.0,28.168343949,2266.0,431551.44,535.0,806.63820561,176482.0,2.547271538,392.0,243.54107143,143.0,18.123916084,1785.0,381385.29,400.0,953.463225,136750.0,2.8481010895,285.0,221.90849123,115.0,11.353652174,,TORSEMIDE,"Increased Diuresis at Loop of Henle [PE],Loop Diuretic [EPC]"
62,DESFERAL ,DEFEROXAMINE MESYLATE,22.0,37793.6,,,370.0,102.14486486,,,,,74.0,42581.15,,,453.25,93.94627688899999,,,,,30.0,44336.8,,,1185.0,37.415021097,,,,,11.0,8849.87,,,76.0,116.44565789,,,,,26.0,29189.53,,,228.5,127.74411379,,,,,,DEFEROXAMINE MESYLATE,"Iron Chelating Activity [MoA],Iron Chelator [EPC]"
63,DESFERAL MESYLATE ,DEFEROXAMINE MESYLATE,21.0,5888.95,,,232.0,25.383405172,,,,,,,,,,,,,,,13.0,5058.77,,,203.0,24.920049261,,,,,12.0,7382.64,,,292.0,25.283013699,,,,,96.0,58512.25,25.0,2340.49,1809.902,32.328960353,,,,,,DEFEROXAMINE MESYLATE,"Iron Chelating Activity [MoA],Iron Chelator [EPC]"
13,DEFEROXAMINE MESYLATE ,DEFEROXAMINE MESYLATE,885.0,259198.27,94.0,2757.4284043000002,88678.015,3.0297567744,28.0,453.88571429,66.0,7.154545454500001,726.0,244896.2,81.0,3023.4098765,8923.78,34.450657345,20.0,693.8305,61.0,7.6132786885,527.0,159089.28,80.0,1988.616,6959.625,27.27586298,21.0,269.86190476,59.0,3.2508474576,756.0,139257.64,86.0,1619.2748837000001,55659.74,3.5711094513,25.0,431.6316,61.0,5.4098360655999995,914.0,177261.41,86.0,2061.179186,23437.197999999997,7.469156431799999,25.0,370.2736,61.0,7.459016393400001,,DEFEROXAMINE MESYLATE,"Iron Chelating Activity [MoA],Iron Chelator [EPC]"
81,DESVENLAFAXINE ER ,DESVENLAFAXINE,,,,,,,,,,,,,,,,,,,,,1449.0,244832.29,580.0,422.12463793,50494.0,4.8490784736000005,255.0,99.36572549,325.0,5.0072615385,7878.0,1344825.58,2165.0,621.16654965,266117.0,5.0542485078,994.0,132.72662978,1171.0,8.7714688301,9903.0,1822951.04,2374.0,767.88165122,346388.0,5.2623640233,1348.0,123.40261869,1026.0,9.6974658869,0.041469649,DESVENLAFAXINE,"Norepinephrine Uptake Inhibitors [MoA],Serotonin and Norepinephrine Reuptake Inhibitor [EPC],Serotonin Uptake Inhibitors [MoA],Cytochrome P450 2D6 Inhibitors [MoA]"
11,DECITABINE ,DECITABINE,,,,,,,,,,,,,,,,,,,,,19.0,134947.44,,,87.0,1551.12,,,,,111.0,813681.68,35.0,23248.048,523.8,1553.4205422,20.0,1628.6629999999998,15.0,2.4133333333,173.0,1372401.65,47.0,29200.035106,883.0,1554.2487542000001,22.0,1636.2518182000001,25.0,0.836,,DECITABINE,"Nucleic Acid Synthesis Inhibitors [MoA],Nucleoside Metabolic Inhibitor [EPC]"
32,DENTAGEL ,SODIUM FLUORIDE,6396.0,60405.39,2815.0,21.458397869000002,405688.6,0.1488959512,1664.0,11.35186899,1151.0,2.3240052129,7247.0,69035.52,3203.0,21.553393693,463642.0,0.148898331,1988.0,12.135191147,1215.0,1.1969300412000001,7782.0,72166.99,3630.0,19.880713499000002,527741.0,0.1367469838,2439.0,11.894534645,1191.0,1.2033333333,12060.0,98856.6,6017.0,16.429549609000002,810052.0,0.1220373507,4445.0,11.327325084000002,1572.0,1.4724618321,12923.0,96342.59,6325.0,15.23203004,876117.52,0.1099653731,5131.0,11.277419605999999,1194.0,1.8749329983,-0.09892035099999999,SODIUM FLUORIDE,"Potassium Compounds [Chemical/Ingredient],Potassium Salt [EPC]"
30,DENTA 5000 PLUS ,SODIUM FLUORIDE,34996.0,346567.51,17029.0,20.351606671,2284918.864,0.1516760684,10614.0,10.647785001,6415.0,2.3657942323,36900.0,376956.36,17660.0,21.345207248,2394795.2,0.1574065123,11812.0,12.135309854,5848.0,1.3845690834,35086.0,341344.25,17968.0,18.997342498,2306727.0,0.1479777408,12788.0,11.492277917000001,5180.0,1.3171660232,50696.0,422249.43,25139.0,16.79658817,3260725.69,0.1294955388,18807.0,12.095696282999999,6332.0,1.6391661402000002,48977.0,378049.21,24125.0,15.670433575,3109328.72,0.1215854752,19456.0,11.000276520999998,4669.0,1.8908502890999999,-0.061083675999999996,SODIUM FLUORIDE,"Potassium Compounds [Chemical/Ingredient],Potassium Salt [EPC]"
47,DEPO-PROVERA ,MEDROXYPROGESTERONE ACETATE,2219.0,306656.5,927.0,330.80528587,4590.93,67.188354112,51.0,154.30235294,876.0,4.6046004566,2348.0,399298.99,878.0,454.78244875,4977.833,79.096598665,67.0,163.21432836,811.0,2.89675709,1677.0,332376.1,626.0,530.95223642,3527.868,92.41877515,78.0,147.70564103,548.0,3.6329379562,1490.0,373379.3,586.0,637.16604096,3463.333,106.74009206,60.0,171.34366667,526.0,4.1455513308,1369.0,456731.45,459.0,995.05762527,3862.566,118.38319453,61.0,227.23245902,398.0,4.2534673367,,MEDROXYPROGESTERONE ACETATE,"Progesterone Congeners [Chemical/Ingredient],Progestin [EPC]"
48,DEPO-SUBQ PROVERA 104 ,MEDROXYPROGESTERONE ACETATE,262.0,27663.37,116.0,238.47732759,174.2,158.80235362,,,,,214.0,24692.38,94.0,262.68489362,141.1,174.99914954,,,,,204.0,24665.87,87.0,283.51574713,135.3,182.30502587,,,,,224.0,28196.93,97.0,290.69,150.75,187.04431177,,,,,184.0,27247.79,88.0,309.63397727,126.0,216.25230159,,,,,,MEDROXYPROGESTERONE ACETATE,"Progesterone Congeners [Chemical/Ingredient],Progestin [EPC]"
7,DEBLITANE ,NORETHINDRONE,,,,,,,,,,,,,,,,,,,,,,,,,,,,,,,105.0,2561.41,80.0,32.017625,4172.0,0.6139525407,,,,,1605.0,34228.61,429.0,79.786969697,58074.0,0.5893964597,37.0,53.918918919,392.0,4.2571683673,,NORETHINDRONE,"Progesterone Congeners [Chemical/Ingredient],Progestin [EPC]"
0,10 WASH ,SULFACETAMIDE SODIUM,24.0,1569.19,16.0,98.074375,5170.0,0.30351837519999997,,,,,,,,,,,,,,,,,,,,,,,,,,,,,,,,,,,,,,,,,,,,,,SULFACETAMIDE SODIUM,"Sulfonamide Antibacterial [EPC],Sulfonamides [Chemical/Ingredient]"
23,DEMECLOCYCLINE HCL ,DEMECLOCYCLINE HYDROCHLORIDE,35878.0,18316417.28,8048.0,2275.8967793,2179201.75,8.5584373729,3964.0,312.04396821,4084.0,15.635492165,35058.0,16161222.1,7847.0,2059.5414936,2149566.5,7.6888732621,4082.0,272.97530867,3765.0,10.323667995,36673.0,13547793.62,7942.0,1705.8415538,2276274.1659999997,6.0763447943,4388.0,237.85824066,3554.0,9.670512099,34893.0,14500877.96,7531.0,1925.4916957000003,2185824.5,6.784429339,4186.0,272.47261108,3345.0,10.662938714,32707.0,12118828.24,6895.0,1757.6255606,2040616.0,6.0564502018,3851.0,257.15331343,3044.0,11.463436267999999,-0.09154841400000001,DEMECLOCYCLINE HYDROCHLORIDE,"Tetracycline-class Antimicrobial [EPC],Tetracyclines [Chemical/Ingredient]"
64,DESIPRAMINE HCL ,DESIPRAMINE HYDROCHLORIDE,98126.0,9565641.98,18906.0,505.95800169,6703617.211,1.491149263,10540.0,92.10736907,8366.0,9.6199533827,93853.0,10028030.97,18766.0,534.37232069,6392716.0,1.6336135486,10503.0,129.46372179,8263.0,9.282610432,98428.0,11464565.45,20101.0,570.34801502,6889540.75,1.7281742157,11778.0,126.29032603,8323.0,9.6058068004,97259.0,11168287.0,20555.0,543.33675505,6916514.0,1.6743504526,12478.0,133.87995913,8077.0,9.0727213074,102484.0,10904977.56,21889.0,498.19441546,7336035.0,1.5435893152000002,13986.0,102.22768626,7903.0,8.0116791092,-0.061245142999999995,DESIPRAMINE HYDROCHLORIDE,Tricyclic Antidepressant [EPC]
1,1ST TIER UNIFINE PENTIPS ,"PEN NEEDLE, DIABETIC",2472.0,57666.73,893.0,64.576405375,293160.0,0.19676603280000002,422.0,42.347203791,471.0,7.5458598725999995,3486.0,75786.01,1261.0,60.099928628,405484.0,0.1869184244,607.0,38.2423229,654.0,6.5012232416,4413.0,95304.09,1633.0,58.361353337,522780.0,0.1822816004,833.0,35.618511405,800.0,5.880125,6788.0,150749.66,2769.0,54.441914048,813255.0,0.1853521963,1481.0,32.143274814,1288.0,5.1329891304,10749.0,257895.63,5173.0,49.854171661,1335132.0,0.1932052642,2878.0,27.305271022,2295.0,3.9878910675,0.0222080767,,
3,AK-PENTOLATE ,CYCLOPENTOLATE HYDROCHLORIDE,730.0,6893.65,563.0,12.244493783,2019.0,3.414388311,369.0,7.194173441699999,194.0,1.993556701,320.0,3501.42,246.0,14.233414634,852.0,4.1096478873,175.0,8.4209714286,71.0,3.0004225352,,,,,,,,,,,,,,,,,,,,,,,,,,,,,,,,CYCLOPENTOLATE HYDROCHLORIDE,
4,DDAVP ,DESMOPRESSIN (NONREFRIGERATED),1044.0,599877.67,194.0,3092.1529380999996,13261.0,45.236231808,75.0,372.34973333,119.0,14.688319328,1001.0,664332.1,193.0,3442.1352331999997,13440.0,49.429471726,77.0,457.66376623,116.0,21.710344828,1032.0,886774.59,202.0,4389.9732178,15312.0,57.913701018999994,91.0,483.0310989,111.0,16.434774775,949.0,1029916.62,163.0,6318.506871199999,15115.0,68.138711214,77.0,643.32376623,86.0,11.626162790999999,798.0,984371.25,138.0,7133.125,13045.0,75.459658873,62.0,659.73790323,76.0,11.679605263,,,
6,DEBACTEROL ,SULFURIC ACID/SULF PHENOL,33.0,423.36,20.0,21.168000000000003,88.4,4.7891402715,,,,,20.0,336.8,18.0,18.711111110999997,71.0,4.7436619718,,,,,,,,,,,,,,,,,,,,,,,,,,,,,,,,,,,,,
9,DECAVAC ,TETANUS AND DIPHTHERIA TOX/PF,46377.0,1105721.92,46038.0,24.017592424,44752.949,24.707241526999997,40062.0,10.141250062000001,5976.0,3.0006910977,3270.0,127825.75,3252.0,39.306811193,2364.0,54.071806261000006,2159.0,28.391421955,1093.0,1.8950045746000002,5486.0,297216.88,5474.0,54.296105225,5198.0,57.179084263,4495.0,39.417915461999996,979.0,6.4921961185,153.0,7232.12,151.0,47.894834437,108.5,66.655483871,132.0,33.799469697,19.0,4.5815789474,41.0,3456.4,41.0,84.302439024,24.0,144.01666667,,,,,,,
10,DE-CHLOR DM ,CHLORPHENIRAMINE/PHENYLEPH/DM,151.0,1561.04,137.0,11.394452555,26856.0,0.0581263032,,,,,,,,,,,,,,,,,,,,,,,,,,,,,,,,,,,,,,,,,,,,,,,
14,DEHISTINE ,CHLOR-MAL/PHENYLEPH/METHSCOP,33.0,280.11,25.0,11.2044,8829.0,0.0317261298,,,,,,,,,,,,,,,,,,,,,,,,,,,,,,,,,,,,,,,,,,,,,,,
16,AK-POLY-BAC ,BACITRACIN/POLYMYXIN B SULFATE,9012.0,218612.24,5486.0,39.849114109,32923.875,6.639930445599999,2496.0,11.140729167,2990.0,1.3611906355,10774.0,246144.96,6788.0,36.261779611,39832.125,6.179558836,3495.0,10.997173104000002,3293.0,1.1573762527,10082.0,217170.51,6428.0,33.785082452,36897.25,5.8858183198,3306.0,11.459854809000001,3122.0,1.2428731581999999,9456.0,177802.07,6065.0,29.316087387,34473.0,5.1577196647,3238.0,12.22848672,2827.0,1.2339794836,7048.0,130880.15,4981.0,26.275878338000002,25827.0,5.0675707593,2773.0,11.833927155,2208.0,1.2077490942,-0.017478442,,
18,DELFLEX WITH 1.5% DEXTROSE ,PERIT. DIALYSIS#6 & DEX 1.5 %,,,,,,,,,,,147.0,17509.89,16.0,1094.368125,1691006.0,0.0103547178,,,,,,,,,,,,,,,,,,,,,,,,,,,,,,,,,,,,,
19,DELTASONE ,PREDNISONE,,,,,,,,,,,,,,,,,,,,,,,,,,,,,,,,,,,,,,,,,15.0,61.6,11.0,5.6,203.0,0.3034482759,,,,,,PREDNISONE,
25,DEMEROL ,MEPERIDINE HYDROCHLORIDE/PF,8415.0,90679.05,5929.0,15.294155844,62304.7,1.8594134356,5430.0,6.988642725599999,499.0,5.4416232465,6025.0,156889.47,3131.0,50.108422229,106992.0,1.5253882355000001,2769.0,14.530119177000001,362.0,9.1319889503,5382.0,149666.84,3249.0,46.065509388,88518.0,1.7663440691999999,2905.0,11.879666092999999,344.0,8.020581395299999,7864.0,243265.58,5665.0,42.941849956,75662.0,3.264896952,5306.0,10.15668677,359.0,7.323816156,4830.0,196387.04,3126.0,62.82374920000001,60394.5,3.2914885431,2918.0,12.491949965999998,208.0,6.8695673077,-0.016731125,,
28,AKTEN ,LIDOCAINE HYDROCHLORIDE/PF,12.0,610.36,,,413.5,1.4760822249,,,,,30.0,768.09,26.0,29.541923077,161.0,4.7707453416000005,14.0,24.572857143,12.0,2.3833333333,43.0,1644.16,38.0,43.267368421,108.0,15.223703704000002,26.0,32.985,12.0,0.875,36.0,1394.52,26.0,53.635384615,50.0,27.8904,,,,,46.0,5619.53,36.0,156.09805556,199.0,28.238844221,24.0,63.503333333,12.0,4.4741666667,,,
33,DEPACON ,VALPROIC ACID (AS SODIUM SALT),31.0,36263.06,,,11341.0,3.1975187373000002,,,,,81.0,45679.31,,,26519.8,1.7224605766,,,,,16.0,47218.24,,,10864.0,4.3463033873,,,,,24.0,61113.9,,,12785.0,4.7801251467000005,,,,,17.0,59475.84,,,11150.0,5.3341560538,,,,,,,
35,DEPAKENE ,VALPROIC ACID (AS SODIUM SALT),1900.0,1079055.96,275.0,3923.8398545,1775390.0,0.6077853091,26.0,364.38038462,249.0,14.33060241,1843.0,1142870.92,235.0,4863.2805106000005,1714316.0,0.6666629256000001,22.0,452.54818182,213.0,5.6587323944,1829.0,1253961.62,241.0,5203.1602490000005,1727284.0,0.7259730420999999,27.0,275.95444444,214.0,5.333644859800001,1878.0,1434698.65,247.0,5808.4965587,1751814.0,0.8189788698999999,25.0,390.3068,222.0,4.0136486486,1920.0,1606471.44,282.0,5696.707234,1803381.72,0.8908105379000001,22.0,390.13090909,260.0,4.8074615385,,,
40,DEPLIN ,LEVOMEFOLATE CALCIUM,921.0,99355.99,251.0,395.84059761,40938.0,2.4274033869,240.0,83.18375,11.0,159.44090909,1814.0,275720.5,496.0,555.88810484,92392.5,2.9883242818999998,482.0,157.01595436,14.0,182.41285714,1403.0,232651.02,620.0,375.24358065,63888.0,3.6438285644,607.0,90.89191103799999,13.0,82.023076923,,,,,,,,,,,,,,,,,,,,,,,
41,AKYNZEO ,NETUPITANT/PALONOSETRON HYDROCHLORIDE,,,,,,,,,,,,,,,,,,,,,,,,,,,,,,,11.0,5378.32,,,11.0,488.93818182,,,,,479.0,339150.41,174.0,1949.1402874000003,671.0,505.44025335,132.0,204.42984848,42.0,17.378095238,,,
42,DEPLIN-ALGAL OIL ,LEVOMEFOLATE/ALGAL OIL,,,,,,,,,,,,,,,,,,,,,1704.0,433141.97,672.0,644.55650298,122754.0,3.5285078703,,,,,,,,,,,,,,,27.0,1092.81,,,279.0,3.9168817204,,,,,,,
43,DEPOCYT ,CYTARABINE LIPOSOME/PF,,,,,,,,,,,,,,,,,,,,,,,,,,,,,,,11.0,55166.72,,,100.0,551.6672,,,,,,,,,,,,,,,,,
50,DERMACINRX SILAPAK ,TRIAMCINOLONE/DIMETH/SILICONE,,,,,,,,,,,,,,,,,,,,,,,,,,,,,,,,,,,,,,,,,197.0,992829.79,138.0,7194.418768100001,6704.0,148.09513574,89.0,199.44011236,49.0,39.48244898,,,
51,DERMASILKRX DICLOPAK ,DICLOFENAC/CAPSICUM,,,,,,,,,,,,,,,,,,,,,,,,,,,,,,,,,,,,,,,,,32.0,96940.95,18.0,5385.608333300001,32.0,3029.4046875,,,,,,,
52,DERMASILKRX SDS ,TRIAMCINOLONE/DIMETH/SILICONE,,,,,,,,,,,,,,,,,,,,,,,,,,,,,,,,,,,,,,,,,293.0,1420566.69,205.0,6929.5936098,2685.0,529.07511732,103.0,159.87058252,102.0,0.8348039215999999,,,
57,DERMA-SMOOTHE-FS ,FLUOCINOLONE/SHOWER CAP,44983.0,1861406.93,24578.0,75.734678574,5901448.695,0.3154152525,15528.0,50.36077795,9050.0,7.0860497237999995,14016.0,590685.0,8134.0,72.61925252,1823536.5569999998,0.323922763,5056.0,46.39875,3078.0,5.0576478233,3971.0,171320.12,2434.0,70.38624486399999,528724.3879999999,0.32402537859999997,1642.0,47.061705238,792.0,4.8466414141000005,173.0,6937.88,147.0,47.196462585,20431.788,0.3395630378,84.0,36.983095238000004,63.0,2.5247619048,60.0,16763.84,47.0,356.67744681,9351.56,1.7926249738,24.0,39.132083333000004,23.0,1.3565217391,,,
58,DERMASORB HC ,HYDROCORTISONE/SKIN CLNSR #35,,,,,,,,,,,,,,,,,,,,,,,,,,,,,,,20.0,7262.56,14.0,518.75428571,5621.2,1.2919945919,,,,,53.0,22599.41,43.0,525.56767442,15677.4,1.4415279319,30.0,93.976666667,13.0,1.1076923077,,,
59,DERMASORB TA ,TRIAMCINOLONE/EMOLLIENT CMB#86,,,,,,,,,,,,,,,,,,,,,,,,,,,,,,,123.0,45360.56,104.0,436.15923077,40313.998,1.1251813823999999,76.0,86.10789473700001,28.0,13.228571429,145.0,63083.91,112.0,563.24919643,50719.2,1.2437875596999999,72.0,93.365555556,40.0,1.6525,,,
66,ALAHIST DHC ,PHENYLEPHRINE HYDROCHLORIDE/DIHYDROCO BT,,,,,,,,,,,,,,,,,,,,,38.0,980.64,30.0,32.688,5770.0,0.1699549393,30.0,,0.0,,,,,,,,,,,,,,,,,,,,,,,,
67,DESMOPRESSIN ACETATE ,DESMOPRESSIN (NONREFRIGERATED),1725.0,254374.61,586.0,434.08636519,12282.0,20.711171633,187.0,59.610374332,399.0,4.0969423558999996,3447.0,754199.5,1210.0,623.3053719,26329.0,28.645201109000002,394.0,113.52982234,816.0,2.6476715686000003,2360.0,547549.38,1054.0,519.49656546,18666.0,29.334050145,382.0,80.65960733,672.0,3.1877827381,6212.0,1677383.07,1973.0,850.16881399,60062.5,27.927293569,915.0,116.6749071,1058.0,4.456294896,10915.0,2641048.6,2562.0,1030.8542545,110613.5,23.876367713,1200.0,170.22969167,1362.0,7.356842878099999,-0.145052575,,
69,DESOGEN ,DESOGESTREL-ETHINYL ESTRADIOL,231.0,14494.47,47.0,308.39297872,9100.0,1.5927989011,,,,,195.0,11755.81,42.0,279.9002381,7560.0,1.5550013228,,,,,156.0,10319.32,30.0,343.97733333,6552.0,1.57498779,,,,,54.0,3840.62,18.0,213.36777778,2212.0,1.7362658228,,,,,14.0,1449.51,,,868.0,1.6699423963,,,,,,,
70,DESOGESTREL-ETHINYL ESTRADIOL ,DESOGESTREL-ETHINYL ESTRADIOL,,,,,,,,,,,,,,,,,,,,,,,,,,,,,,,1247.0,28199.25,364.0,77.470467033,46846.0,0.6019564104,17.0,45.673529412,347.0,2.8529682997,3091.0,65457.07,615.0,106.43426016,118389.0,0.5528982422,29.0,57.664827586,586.0,4.2785324232,,,
71,DESOGESTR-ETH ESTRAD ETH ESTRA ,DESOG-E.ESTRADIOL/E.ESTRADIOL,,,,,,,,,,,,,,,,,,,,,,,,,,,,,,,28.0,1276.31,17.0,75.07705882399999,1036.0,1.2319594595,,,,,411.0,15547.54,87.0,178.70735632,14776.0,1.0522157553,,,,,,,
75,DESOWEN ,DESONIDE/EMOLLIENT COMBO.NO 28,111.0,28563.34,88.0,324.58340909,658.0,43.409331306999995,57.0,75.964561404,31.0,4.4203225806,,,,,,,,,,,,,,,,,,,,,,,,,,,,,,,,,,,,,,,,,,,
76,DESOWEN ,DESONIDE/EMOLLIENT COMBO.NO 30,44.0,10310.26,40.0,257.7565,44.0,234.32409091,22.0,66.820909091,18.0,3.4,,,,,,,,,,,,,,,,,,,,,,,,,,,,,,,,,,,,,,,,,,,
77,ALAMAST ,PEMIROLAST POTASSIUM,2392.0,275773.85,956.0,288.46637029,26180.0,10.533760504,444.0,121.66684685,512.0,8.7337109375,417.0,48807.97,286.0,170.65723776,4510.0,10.822166297,142.0,86.68584507,144.0,5.5149305555999995,,,,,,,,,,,,,,,,,,,,,,,,,,,,,,,,,
80,DESQUAM-X ,BENZOYL PEROXIDE,29.0,1174.05,18.0,65.225,5583.0,0.21039740469999998,,,,,14.0,383.98,,,1980.0,0.1939896522,,,,,,,,,,,,,,,,,,,,,,,,,,,,,,,,,,,,BENZOYL PEROXIDE,
82,DESVENLAFAXINE FUMARATE ER ,DESVENLAFAXINE FUMARATE,,,,,,,,,,,,,,,,,,,,,,,,,,,,,,,17.0,6683.31,11.0,607.57363636,1443.0,4.6712543263,,,,,199.0,33713.34,72.0,468.24083333,7060.0,4.7747042392,35.0,110.06114286,37.0,5.553243243200001,,,
87,DEXAMETHASONE SODIUM PHOSPHATE ,DEXAMETHASONE SOD PHOSPHATEHATE,41750.0,540004.39,24309.0,22.214175408000003,439647.968,1.6035464186000001,13137.0,9.6735160234,11172.0,1.3543671679,50420.0,646340.12,29081.0,22.22551219,613527.966,1.5436846812,16207.0,9.677117295,12874.0,1.2623085288,56092.0,758694.82,33382.0,22.727662213000002,668891.946,1.6513617005,19748.0,9.4771987037,13634.0,1.336911398,70982.0,983095.44,41207.0,23.857486349000002,690618.661,1.8329653706,26300.0,10.581953232,14907.0,1.4292366003,74869.0,1372850.71,44989.0,30.51525284,877713.5970000001,2.3840885628,29920.0,12.168203877,15069.0,1.5419981419,0.0876317183,,
90,DEXAMETHASONE SODIUM PHOSPHATE ,DEXAMETHASONE SODIUM PHOSPHATE/PF,785.0,12095.89,361.0,33.506620499,5204.0,2.3243447348,202.0,16.67549505,159.0,1.7738364780000002,863.0,11875.35,389.0,30.527892031,3492.7,3.4000486729,214.0,11.792383178,175.0,1.0944571429,1242.0,16784.89,500.0,33.56978,7407.8,2.2658400605,248.0,12.070685484,252.0,1.5512698413,1139.0,41816.33,631.0,66.269936609,33315.8,1.2551501090000001,261.0,16.453065134000003,370.0,1.2236486486,770.0,36548.83,401.0,91.144214464,24454.0,1.4945951583000001,198.0,27.07979798,203.0,1.2753694581000001,,,
91,DEXCHLORPHENIRAMINE MALEATE ,DEXCHLORPHENIRAMINE MALEATE,448.0,12081.29,216.0,55.931898148,120580.0,0.1001931498,27.0,9.9448148148,189.0,1.8813756614,69.0,1808.86,40.0,45.2215,15186.0,0.11911365730000001,,,,,,,,,,,,,,,,,,,,,,,,,,,,,,,,,,,,,
93,DEXFERRUM ,IRON DEXTRAN COMPLEX,86.0,21087.13,65.0,324.41738462,1059.0,19.818301744,,,,,37.0,5721.62,23.0,248.76608696,304.0,18.847716948,,,,,,,,,,,,,,,,,,,,,,,,,,,,,,,,,,,,,
94,DEXILANT ,DEXLANSOPRAZOLE,818476.0,123014080.17,205521.0,598.54749719,29234806.351999998,4.2077986738,81277.0,225.80138662,124244.0,16.963215528,1252834.0,212518063.37,266855.0,796.38029405,45751633.5,4.6450639019,105754.0,279.35392004,161101.0,19.268404541,1549881.0,301835156.66,311097.0,970.22843891,58152633.141,5.190766927,128636.0,288.64790276,182461.0,20.090120629,1615582.0,378087785.16,305457.0,1237.7774455,62664476.533,6.034031101799999,130949.0,313.4834095,174508.0,20.181564112,1687524.0,476268881.18,313058.0,1521.3439081,67111228.0,7.0973386496,134976.0,337.57561581,178082.0,20.15504234,0.1761546387,,
98,DEXRAZOXANE ,DEXRAZOXANE HYDROCHLORIDE,,,,,,,,,,,,,,,,,,,,,,,,,,,,,,,12.0,8382.03,,,23.0,364.43608696,,,,,,,,,,,,,,,,,
102,DEXTROAMPHETAMINE-AMPHET ER ,DEXTROAMPHETAMINE/AMPHETAMINE,155076.0,32472345.28,30966.0,1048.6451359999999,6490302.0,5.0027290596,9101.0,162.73820349,21865.0,10.637775898,199348.0,41750336.73,34539.0,1208.7882316,8554701.0,4.8813991718,10695.0,181.14480598,23844.0,11.100827462,269988.0,52672655.72,43889.0,1200.1334210999999,11657672.0,4.5167138919,15615.0,173.39596286,28274.0,13.098566880999998,323112.0,56874960.21,50816.0,1119.2333165,13741128.0,4.1395463348,18825.0,189.55726268,31991.0,13.015076115,363642.0,58499362.24,55790.0,1048.563582,15208469.0,3.8472444493999998,21340.0,269.61243252,34450.0,14.54908389,-0.070667866,,
103,DEXTROAMPHETAMINE-AMPHETAMINE ,DEXTROAMPHETAMINE/AMPHETAMINE,522241.0,24548565.73,83681.0,293.35889545,35410949.5,0.6935733990999999,29231.0,78.714258493,54450.0,10.720541597999999,597047.0,49530240.69,92945.0,532.89838819,39776491.611,1.2456223063,33154.0,139.64922935,59791.0,12.418182502,758625.0,56942114.28,112787.0,504.86416236,49859618.5,1.1423512048,43914.0,155.05983741,68873.0,13.999252247000001,881804.0,55821772.67,127122.0,439.11968558,56729780.945,0.9850380837,51175.0,155.54638437,75947.0,14.113149565,994866.0,57682864.77,140740.0,409.85409102,62846399.09,0.9185361981999999,58633.0,157.79560879,82107.0,14.425696591,-0.067250114,,
104,DEXTROSE 10%-0.45% NACL ,DEXTROSE 10 % AND 0.45 % NACL,,,,,,,,,,,18.0,204.37,,,42000.0,0.0048659524,,,,,15.0,268.33,,,60000.0,0.0044721666999999994,,,,,15.0,356.01,,,93000.0,0.0038280645,,,,,,,,,,,,,,,,,
105,DEXTROSE 2.5%-0.45% NACL ,DEXTROSE 2.5 % AND 0.45 % NACL,39.0,1272.05,20.0,63.6025,172000.0,0.0073956395,,,,,13.0,303.69,13.0,23.360769231,47000.0,0.006461489399999999,,,,,15.0,102.72,13.0,7.9015384614999995,26000.0,0.0039507692,,,,,16.0,150.0,11.0,13.636363635999999,44000.0,0.0034090909000000003,,,,,,,,,,,,,,,,,
106,DEXTROSE 5%-0.2% NACL ,DEXTROSE 5 %-0.2 % NACL,508.0,14005.11,286.0,48.96891608399999,1840235.0,0.0076105007999999995,50.0,20.4642,236.0,0.1391949153,441.0,9279.84,256.0,36.249375,1560930.5,0.0059450693,41.0,23.16,215.0,0.4990232558,434.0,5386.72,223.0,24.155695066999996,1575023.0,0.0034200896999999997,54.0,14.35037037,169.0,0.31846153850000003,603.0,6757.63,295.0,22.907220339000002,1971137.0,0.0034282903999999998,58.0,17.602241379000002,237.0,0.4031223629,502.0,10240.94,239.0,42.849121339,1806942.0,0.0056675532,43.0,24.294651163,196.0,0.1514795918,,,
107,DEXTROSE 5%-0.2% NACL-KCL ,POTASSIUM CHLORIDE/D5-0.2%NACL,94.0,2674.97,56.0,47.767321429,350003.0,0.0076427058999999995,,,,,100.0,2315.17,55.0,42.093999999999994,463807.0,0.0049916668,,,,,102.0,1858.93,63.0,29.506825396999997,462504.0,0.0040192733,,,,,34.0,498.93,26.0,19.189615385,147000.0,0.0033940816,,,,,17.0,530.06,13.0,40.773846154,75000.0,0.0070674667,,,,,,,
108,DEXTROSE 5%-0.225% NACL ,DEXTROSE 5 %-0.2 % NACL,268.0,3139.1,124.0,25.315322581,747228.0,0.0042009935,29.0,14.325517240999998,95.0,0.3375789474,290.0,3393.26,142.0,23.896197183,870906.0,0.0038962414,19.0,11.941578947,123.0,0.0804878049,224.0,2261.38,121.0,18.689090909,777242.0,0.0029094928000000003,17.0,9.5329411765,104.0,0.5564423077,192.0,3755.87,98.0,38.325204082,520756.0,0.0072123413,18.0,9.8183333333,80.0,0.45899999999999996,160.0,3417.49,72.0,47.465138888999995,496415.0,0.0068843407,12.0,29.389166666999998,60.0,0.026666666699999998,,,
